spec,lemma,best_avg_acc,sense1,sense2,pos1,pos2,sense1_freq,sense2_freq,max_samp
elmo,tax,1.0,/dictionary/sense/en_us_NOAD3e_2012/m_en_us1297266.001,/dictionary/sense/en_us_NOAD3e_2012/m_en_us1297266.003,NOUN,VERB,167,21,2000
elmo,get,0.6013,/dictionary/sense/en_us_NOAD3e_2012/m_en_us1250696.006,/dictionary/sense/en_us_NOAD3e_2012/m_en_us1250696.019,VERB,VERB,351,238,2000
elmo,right,0.9524000000000001,/dictionary/sense/en_us_NOAD3e_2012/m_en_us1285123.002,/dictionary/sense/en_us_NOAD3e_2012/m_en_us1285123.022,ADJ,NOUN,199,179,2000
elmo,recognize,0.8041,/dictionary/sense/en_us_NOAD3e_2012/m_en_us1283463.004,/dictionary/sense/en_us_NOAD3e_2012/m_en_us1283463.001,VERB,VERB,80,54,2000
elmo,ground,0.7971999999999999,/dictionary/sense/en_us_NOAD3e_2012/m_en_us1252457.001,/dictionary/sense/en_us_NOAD3e_2012/m_en_us1252457.011,NOUN,NOUN,111,25,2000
elmo,significant,0.6485,/dictionary/sense/en_us_NOAD3e_2012/m_en_us1290641.001,/dictionary/sense/en_us_NOAD3e_2012/m_en_us1290641.004,ADJ,ADJ,41,21,2000
elmo,sex,0.7617,/dictionary/sense/en_us_NOAD3e_2012/m_en_us1289462.001,/dictionary/sense/en_us_NOAD3e_2012/m_en_us1289462.003,NOUN,NOUN,27,24,2000
elmo,think,0.7611000000000001,/dictionary/sense/en_us_NOAD3e_2012/m_en_us1298366.001,/dictionary/sense/en_us_NOAD3e_2012/m_en_us1298366.004,VERB,VERB,881,324,2000
elmo,need,0.9862,/dictionary/sense/en_us_NOAD3e_2012/m_en_us1270832.001,/dictionary/sense/en_us_NOAD3e_2012/m_en_us1270832.005,VERB,NOUN,395,72,2000
elmo,still,0.6304000000000001,/dictionary/sense/en_us_NOAD3e_2012/m_en_us1294414.007,/dictionary/sense/en_us_NOAD3e_2012/m_en_us1294414.009,ADV,ADV,348,71,2000
elmo,post,0.9794,/dictionary/sense/en_us_NOAD3e_2012/m_en_us1279744.004,/dictionary/sense/en_us_NOAD3e_2012/m_en_us1279744.011,VERB,NOUN,95,39,2000
elmo,live,0.7333000000000001,/dictionary/sense/en_us_NOAD3e_2012/m_en_us1263900.001,/dictionary/sense/en_us_NOAD3e_2012/m_en_us1263900.008,VERB,VERB,188,189,2000
elmo,act,0.9994,/dictionary/sense/en_us_NOAD3e_2012/m_en_us1219772.001,/dictionary/sense/en_us_NOAD3e_2012/m_en_us1219772.019,VERB,NOUN,67,57,2000
elmo,lot,0.7235999999999999,/dictionary/sense/en_us_NOAD3e_2012/m_en_us1264426.003,/dictionary/sense/en_us_NOAD3e_2012/m_en_us1264426.001,ADV,PRON,30,30,2000
elmo,free,0.9316000000000001,/dictionary/sense/en_us_NOAD3e_2012/m_en_us1248904.015,/dictionary/sense/en_us_NOAD3e_2012/m_en_us1248904.001,ADJ,ADJ,55,42,2000
elmo,thus,0.7069,/dictionary/sense/en_us_NOAD3e_2012/m_en_us1298662.001,/dictionary/sense/en_us_NOAD3e_2012/m_en_us1298662.002,ADV,ADV,108,33,2000
elmo,far,0.7430000000000001,/dictionary/sense/en_us_NOAD3e_2012/m_en_us1246250.003,/dictionary/sense/en_us_NOAD3e_2012/m_en_us1246250.001,ADV,ADV,83,38,2000
elmo,grow,0.8279,/dictionary/sense/en_us_NOAD3e_2012/m_en_us1252535.001,/dictionary/sense/en_us_NOAD3e_2012/m_en_us1252535.006,VERB,VERB,115,86,2000
elmo,cool,0.7975,/dictionary/sense/en_us_NOAD3e_2012/m_en_us1235852.001,/dictionary/sense/en_us_NOAD3e_2012/m_en_us1235852.008,ADJ,ADJ,32,23,2000
elmo,south,1.0,/dictionary/sense/en_us_NOAD3e_2012/m_en_us1292573.003,/dictionary/sense/en_us_NOAD3e_2012/m_en_us1292573.014,NOUN,ADV,44,24,2000
elmo,stop,0.7826000000000001,/dictionary/sense/en_us_NOAD3e_2012/m_en_us1294654.001,/dictionary/sense/en_us_NOAD3e_2012/m_en_us1294654.007,VERB,VERB,162,38,2000
elmo,file,0.9902,/dictionary/sense/en_us_NOAD3e_2012/m_en_us1247009.004,/dictionary/sense/en_us_NOAD3e_2012/m_en_us1247009.001,VERB,NOUN,86,85,2000
elmo,history,0.693,/dictionary/sense/en_us_NOAD3e_2012/m_en_us1255151.001,/dictionary/sense/en_us_NOAD3e_2012/m_en_us1255151.003,NOUN,NOUN,68,57,2000
elmo,building,0.9506,/dictionary/sense/en_us_NOAD3e_2012/m_en_us1229308.001,/dictionary/sense/en_us_NOAD3e_2012/m_en_us1229308.002,NOUN,NOUN,177,21,2000
elmo,control,0.9287000000000001,/dictionary/sense/en_us_NOAD3e_2012/m_en_us1235733.001,/dictionary/sense/en_us_NOAD3e_2012/m_en_us1235733.013,NOUN,VERB,160,91,2000
elmo,paper,0.6621,/dictionary/sense/en_us_NOAD3e_2012/m_en_us1275395.001,/dictionary/sense/en_us_NOAD3e_2012/m_en_us1275395.012,NOUN,NOUN,119,54,2000
elmo,fast,0.5959000000000001,/dictionary/sense/en_us_NOAD3e_2012/m_en_us1246352.013,/dictionary/sense/en_us_NOAD3e_2012/m_en_us1246352.001,ADV,ADJ,47,41,2000
elmo,alone,0.8668000000000001,/dictionary/sense/en_us_NOAD3e_2012/m_en_us1221143.001,/dictionary/sense/en_us_NOAD3e_2012/m_en_us1221143.005,ADV,ADV,97,59,2000
elmo,new,0.571,/dictionary/sense/en_us_NOAD3e_2012/m_en_us1271187.001,/dictionary/sense/en_us_NOAD3e_2012/m_en_us1271187.007,ADJ,ADJ,316,118,2000
elmo,how,0.915,/dictionary/sense/en_us_NOAD3e_2012/m_en_us1256048.001,/dictionary/sense/en_us_NOAD3e_2012/m_en_us1256048.004,ADV,ADV,258,160,2000
elmo,around,0.8176,/dictionary/sense/en_us_NOAD3e_2012/m_en_us1223011.011,/dictionary/sense/en_us_NOAD3e_2012/m_en_us1223011.016,ADV,ADV,32,26,2000
elmo,help,0.9555,/dictionary/sense/en_us_NOAD3e_2012/m_en_us1254325.001,/dictionary/sense/en_us_NOAD3e_2012/m_en_us1254325.010,VERB,NOUN,564,104,2000
elmo,character,0.9084,/dictionary/sense/en_us_NOAD3e_2012/m_en_us1232127.011,/dictionary/sense/en_us_NOAD3e_2012/m_en_us1232127.007,NOUN,NOUN,76,42,2000
elmo,name,0.9876000000000001,/dictionary/sense/en_us_NOAD3e_2012/m_en_us1270390.001,/dictionary/sense/en_us_NOAD3e_2012/m_en_us1270390.005,NOUN,VERB,285,100,2000
elmo,position,0.6782999999999999,/dictionary/sense/en_us_NOAD3e_2012/m_en_us1279710.009,/dictionary/sense/en_us_NOAD3e_2012/m_en_us1279710.015,NOUN,NOUN,53,34,2000
elmo,spot,1.0,/dictionary/sense/en_us_NOAD3e_2012/m_en_us1293414.007,/dictionary/sense/en_us_NOAD3e_2012/m_en_us1293414.015,NOUN,VERB,49,28,2000
elmo,poor,0.8254999999999999,/dictionary/sense/en_us_NOAD3e_2012/m_en_us1279501.003,/dictionary/sense/en_us_NOAD3e_2012/m_en_us1279501.001,ADJ,ADJ,40,29,2000
elmo,agent,0.8872,/dictionary/sense/en_us_NOAD3e_2012/m_en_us1220395.005,/dictionary/sense/en_us_NOAD3e_2012/m_en_us1220395.001,NOUN,NOUN,82,38,2000
elmo,study,0.975,/dictionary/sense/en_us_NOAD3e_2012/m_en_us1295106.005,/dictionary/sense/en_us_NOAD3e_2012/m_en_us1295106.015,NOUN,VERB,177,134,2000
elmo,pass,0.9747,/dictionary/sense/en_us_NOAD3e_2012/m_en_us1275903.021,/dictionary/sense/en_us_NOAD3e_2012/m_en_us1275903.005,VERB,VERB,59,60,2000
elmo,indeed,0.6164999999999999,/dictionary/sense/en_us_NOAD3e_2012/m_en_us1257641.003,/dictionary/sense/en_us_NOAD3e_2012/m_en_us1257641.001,ADV,ADV,50,30,2000
elmo,officer,0.6596,/dictionary/sense/en_us_NOAD3e_2012/m_en_us1272989.001,/dictionary/sense/en_us_NOAD3e_2012/m_en_us1272989.004,NOUN,NOUN,67,37,2000
elmo,faith,0.7215,/dictionary/sense/en_us_NOAD3e_2012/m_en_us1246069.002,/dictionary/sense/en_us_NOAD3e_2012/m_en_us1246069.001,NOUN,NOUN,51,26,2000
elmo,hold,0.9004999999999999,/dictionary/sense/en_us_NOAD3e_2012/m_en_us1255308.001,/dictionary/sense/en_us_NOAD3e_2012/m_en_us1255308.023,VERB,VERB,144,87,2000
elmo,so,0.9168,/dictionary/sense/en_us_NOAD3e_2012/m_en_us1291940.001,/dictionary/sense/en_us_NOAD3e_2012/m_en_us1291940.012,ADV,ADV,561,176,2000
elmo,measure,0.9775,/dictionary/sense/en_us_NOAD3e_2012/m_en_us1266792.001,/dictionary/sense/en_us_NOAD3e_2012/m_en_us1266792.024,VERB,NOUN,82,74,2000
elmo,do,0.9526,/dictionary/sense/en_us_NOAD3e_2012/m_en_us1241237.035,/dictionary/sense/en_us_NOAD3e_2012/m_en_us1241237.001,VERB,VERB,1757,1272,2000
elmo,course,0.8888,/dictionary/sense/en_us_NOAD3e_2012/m_en_us1236587.001,/dictionary/sense/en_us_NOAD3e_2012/m_en_us1236587.008,NOUN,NOUN,103,81,2000
elmo,feel,0.7502000000000001,/dictionary/sense/en_us_NOAD3e_2012/m_en_us1246555.010,/dictionary/sense/en_us_NOAD3e_2012/m_en_us1246555.017,VERB,VERB,283,163,2000
elmo,pick,0.7421,/dictionary/sense/en_us_NOAD3e_2012/m_en_us1277916.001,/dictionary/sense/en_us_NOAD3e_2012/m_en_us1277916.004,VERB,VERB,55,41,2000
elmo,certain,0.9926,/dictionary/sense/en_us_NOAD3e_2012/m_en_us1231804.003,/dictionary/sense/en_us_NOAD3e_2012/m_en_us1231804.001,ADJ,ADJ,125,38,2000
elmo,property,0.8125,/dictionary/sense/en_us_NOAD3e_2012/m_en_us1281159.001,/dictionary/sense/en_us_NOAD3e_2012/m_en_us1281159.005,NOUN,NOUN,59,31,2000
elmo,will,0.9973000000000001,/dictionary/sense/en_us_NOAD3e_2012/m_en_us1306429.001,/dictionary/sense/en_us_NOAD3e_2012/m_en_us1307187.002,VERB,VERB,854,234,2000
elmo,figure,0.9097999999999999,/dictionary/sense/en_us_NOAD3e_2012/m_en_us1246988.010,/dictionary/sense/en_us_NOAD3e_2012/m_en_us1246988.006,NOUN,NOUN,149,86,2000
elmo,lead,0.7298,/dictionary/sense/en_us_NOAD3e_2012/m_en_us1262579.001,/dictionary/sense/en_us_NOAD3e_2012/m_en_us1262579.008,VERB,VERB,183,42,2000
elmo,life,0.6392,/dictionary/sense/en_us_NOAD3e_2012/m_en_us1263339.001,/dictionary/sense/en_us_NOAD3e_2012/m_en_us1263339.012,NOUN,NOUN,158,120,2000
elmo,thing,0.6012000000000001,/dictionary/sense/en_us_NOAD3e_2012/m_en_us1298362.011,/dictionary/sense/en_us_NOAD3e_2012/m_en_us1298362.001,NOUN,NOUN,490,61,2000
elmo,present,0.9863,/dictionary/sense/en_us_NOAD3e_2012/m_en_us1280476.001,/dictionary/sense/en_us_NOAD3e_2012/m_en_us1280475.003,VERB,ADJ,134,65,2000
elmo,not,0.6607000000000001,/dictionary/sense/en_us_NOAD3e_2012/m_en_us1272156.001,/dictionary/sense/en_us_NOAD3e_2012/m_en_us1272156.004,ADV,ADV,2025,566,2000
elmo,mission,0.6686,/dictionary/sense/en_us_NOAD3e_2012/m_en_us1268424.001,/dictionary/sense/en_us_NOAD3e_2012/m_en_us1268424.004,NOUN,NOUN,50,25,2000
elmo,generation,0.9810000000000001,/dictionary/sense/en_us_NOAD3e_2012/m_en_us1250445.001,/dictionary/sense/en_us_NOAD3e_2012/m_en_us1250445.005,NOUN,NOUN,43,29,2000
elmo,well,0.7393000000000001,/dictionary/sense/en_us_NOAD3e_2012/m_en_us1305640.001,/dictionary/sense/en_us_NOAD3e_2012/m_en_us1305640.010,ADV,ADV,130,73,2000
elmo,wide,0.8090999999999999,/dictionary/sense/en_us_NOAD3e_2012/m_en_us1306319.001,/dictionary/sense/en_us_NOAD3e_2012/m_en_us1306319.005,ADJ,ADJ,45,37,2000
elmo,reading,0.9187,/dictionary/sense/en_us_NOAD3e_2012/m_en_us1283249.001,/dictionary/sense/en_us_NOAD3e_2012/m_en_us1283259.001,VERB,NOUN,350,39,2000
elmo,nature,0.851,/dictionary/sense/en_us_NOAD3e_2012/m_en_us1270646.005,/dictionary/sense/en_us_NOAD3e_2012/m_en_us1270646.001,NOUN,NOUN,83,45,2000
elmo,last,0.7968999999999999,/dictionary/sense/en_us_NOAD3e_2012/m_en_us1262310.005,/dictionary/sense/en_us_NOAD3e_2012/m_en_us1262310.001,ADJ,ADJ,261,105,2000
elmo,class,0.8692,/dictionary/sense/en_us_NOAD3e_2012/m_en_us1233535.007,/dictionary/sense/en_us_NOAD3e_2012/m_en_us1233535.001,NOUN,NOUN,73,30,2000
elmo,win,0.5448999999999999,/dictionary/sense/en_us_NOAD3e_2012/m_en_us1306499.002,/dictionary/sense/en_us_NOAD3e_2012/m_en_us1306499.001,VERB,VERB,87,79,2000
elmo,value,0.8617000000000001,/dictionary/sense/en_us_NOAD3e_2012/m_en_us1303448.007,/dictionary/sense/en_us_NOAD3e_2012/m_en_us1303448.001,NOUN,NOUN,103,101,2000
elmo,cover,0.8657999999999999,/dictionary/sense/en_us_NOAD3e_2012/m_en_us1236650.001,/dictionary/sense/en_us_NOAD3e_2012/m_en_us1236650.008,VERB,VERB,89,49,2000
elmo,column,0.9118,/dictionary/sense/en_us_NOAD3e_2012/m_en_us1234609.004,/dictionary/sense/en_us_NOAD3e_2012/m_en_us1234609.001,NOUN,NOUN,31,26,2000
elmo,now,0.8843,/dictionary/sense/en_us_NOAD3e_2012/m_en_us1272258.001,/dictionary/sense/en_us_NOAD3e_2012/m_en_us1272258.007,ADV,ADV,932,122,2000
elmo,fall,0.7097,/dictionary/sense/en_us_NOAD3e_2012/m_en_us1246101.001,/dictionary/sense/en_us_NOAD3e_2012/m_en_us1246101.020,VERB,VERB,84,54,2000
elmo,matter,0.9766999999999999,/dictionary/sense/en_us_NOAD3e_2012/m_en_us1266535.005,/dictionary/sense/en_us_NOAD3e_2012/m_en_us1266535.014,NOUN,VERB,120,58,2000
elmo,market,1.0,/dictionary/sense/en_us_NOAD3e_2012/m_en_us1266136.003,/dictionary/sense/en_us_NOAD3e_2012/m_en_us1266136.008,NOUN,VERB,171,51,2000
elmo,save,0.7339,/dictionary/sense/en_us_NOAD3e_2012/m_en_us1287428.001,/dictionary/sense/en_us_NOAD3e_2012/m_en_us1287428.009,VERB,VERB,111,24,2000
elmo,low,0.8312999999999999,/dictionary/sense/en_us_NOAD3e_2012/m_en_us1264526.010,/dictionary/sense/en_us_NOAD3e_2012/m_en_us1264526.001,ADJ,ADJ,104,28,2000
elmo,sign,1.0,/dictionary/sense/en_us_NOAD3e_2012/m_en_us1290621.016,/dictionary/sense/en_us_NOAD3e_2012/m_en_us1290621.001,VERB,NOUN,92,45,2000
elmo,run,0.8343,/dictionary/sense/en_us_NOAD3e_2012/m_en_us1286272.001,/dictionary/sense/en_us_NOAD3e_2012/m_en_us1286272.031,VERB,VERB,155,52,2000
elmo,close,0.9804,/dictionary/sense/en_us_NOAD3e_2012/m_en_us1233814.001,/dictionary/sense/en_us_NOAD3e_2012/m_en_us1233815.001,ADJ,VERB,73,68,2000
elmo,plant,0.8313,/dictionary/sense/en_us_NOAD3e_2012/m_en_us1278596.003,/dictionary/sense/en_us_NOAD3e_2012/m_en_us1278596.001,NOUN,NOUN,93,53,2000
elmo,only,0.6131,/dictionary/sense/en_us_NOAD3e_2012/m_en_us1273443.001,/dictionary/sense/en_us_NOAD3e_2012/m_en_us1273443.005,ADV,ADV,898,21,2000
elmo,determine,0.5892,/dictionary/sense/en_us_NOAD3e_2012/m_en_us1239831.003,/dictionary/sense/en_us_NOAD3e_2012/m_en_us1239831.001,VERB,VERB,158,36,2000
elmo,way,0.8454,/dictionary/sense/en_us_NOAD3e_2012/m_en_us1305429.001,/dictionary/sense/en_us_NOAD3e_2012/m_en_us1305429.005,NOUN,NOUN,491,154,2000
elmo,say,0.8903000000000001,/dictionary/sense/en_us_NOAD3e_2012/m_en_us1287486.001,/dictionary/sense/en_us_NOAD3e_2012/m_en_us1287486.008,VERB,VERB,3372,24,2000
elmo,mean,0.9931999999999999,/dictionary/sense/en_us_NOAD3e_2012/m_en_us1266763.001,/dictionary/sense/en_us_NOAD3e_2012/m_en_us1266773.001,VERB,NOUN,317,77,2000
elmo,manage,0.7752000000000001,/dictionary/sense/en_us_NOAD3e_2012/m_en_us1265693.007,/dictionary/sense/en_us_NOAD3e_2012/m_en_us1265693.001,VERB,VERB,50,22,2000
elmo,play,0.7011000000000001,/dictionary/sense/en_us_NOAD3e_2012/m_en_us1278708.001,/dictionary/sense/en_us_NOAD3e_2012/m_en_us1278708.007,VERB,VERB,101,77,2000
elmo,sleep,0.763,/dictionary/sense/en_us_NOAD3e_2012/m_en_us1291344.004,/dictionary/sense/en_us_NOAD3e_2012/m_en_us1291344.001,VERB,NOUN,100,52,2000
elmo,however,0.7614,/dictionary/sense/en_us_NOAD3e_2012/m_en_us1256065.001,/dictionary/sense/en_us_NOAD3e_2012/m_en_us1256065.002,ADV,ADV,339,21,2000
elmo,accept,0.7307,/dictionary/sense/en_us_NOAD3e_2012/m_en_us1219519.001,/dictionary/sense/en_us_NOAD3e_2012/m_en_us1219519.009,VERB,VERB,79,75,2000
elmo,call,0.8686999999999999,/dictionary/sense/en_us_NOAD3e_2012/m_en_us1230162.015,/dictionary/sense/en_us_NOAD3e_2012/m_en_us1230162.001,VERB,VERB,283,225,2000
elmo,shake,0.6803000000000001,/dictionary/sense/en_us_NOAD3e_2012/m_en_us1289619.004,/dictionary/sense/en_us_NOAD3e_2012/m_en_us1289619.001,VERB,VERB,85,28,2000
elmo,deep,0.7227,/dictionary/sense/en_us_NOAD3e_2012/m_en_us1238936.001,/dictionary/sense/en_us_NOAD3e_2012/m_en_us1238936.008,ADJ,ADJ,41,28,2000
elmo,may,0.6881,/dictionary/sense/en_us_NOAD3e_2012/m_en_us1266614.001,/dictionary/sense/en_us_NOAD3e_2012/m_en_us1266614.003,VERB,VERB,324,31,2000
elmo,hand,0.9639,/dictionary/sense/en_us_NOAD3e_2012/m_en_us1253370.001,/dictionary/sense/en_us_NOAD3e_2012/m_en_us1253370.023,NOUN,VERB,341,51,2000
elmo,change,0.9707000000000001,/dictionary/sense/en_us_NOAD3e_2012/m_en_us1232051.017,/dictionary/sense/en_us_NOAD3e_2012/m_en_us1232051.001,NOUN,VERB,290,224,2000
elmo,former,0.8638999999999999,/dictionary/sense/en_us_NOAD3e_2012/m_en_us1248537.001,/dictionary/sense/en_us_NOAD3e_2012/m_en_us1248537.003,ADJ,ADJ,74,22,2000
elmo,movement,0.8402,/dictionary/sense/en_us_NOAD3e_2012/m_en_us1269573.001,/dictionary/sense/en_us_NOAD3e_2012/m_en_us1269573.009,NOUN,NOUN,56,47,2000
elmo,write,0.6962,/dictionary/sense/en_us_NOAD3e_2012/m_en_us1307274.008,/dictionary/sense/en_us_NOAD3e_2012/m_en_us1307274.005,VERB,VERB,290,107,2000
elmo,lie,0.8949,/dictionary/sense/en_us_NOAD3e_2012/m_en_us1263316.001,/dictionary/sense/en_us_NOAD3e_2012/m_en_us1263316.004,VERB,VERB,75,57,2000
elmo,system,0.6545,/dictionary/sense/en_us_NOAD3e_2012/m_en_us1296611.001,/dictionary/sense/en_us_NOAD3e_2012/m_en_us1296611.009,NOUN,NOUN,185,103,2000
elmo,witness,0.9693999999999999,/dictionary/sense/en_us_NOAD3e_2012/m_en_us1306793.001,/dictionary/sense/en_us_NOAD3e_2012/m_en_us1306793.008,NOUN,VERB,46,25,2000
elmo,catch,0.6218,/dictionary/sense/en_us_NOAD3e_2012/m_en_us1231288.009,/dictionary/sense/en_us_NOAD3e_2012/m_en_us1231288.001,VERB,VERB,47,24,2000
elmo,see,0.7322,/dictionary/sense/en_us_NOAD3e_2012/m_en_us1428150.001,/dictionary/sense/en_us_NOAD3e_2012/m_en_us1428150.010,VERB,VERB,1131,311,2000
elmo,table,0.946,/dictionary/sense/en_us_NOAD3e_2012/m_en_us1296660.001,/dictionary/sense/en_us_NOAD3e_2012/m_en_us1296660.006,NOUN,NOUN,83,71,2000
elmo,practice,0.9722999999999999,/dictionary/sense/en_us_NOAD3e_2012/m_en_us1280076.001,/dictionary/sense/en_us_NOAD3e_2012/m_en_us1280076.009,NOUN,VERB,75,21,2000
elmo,abandon,0.6116,/dictionary/sense/en_us_NOAD3e_2012/m_en_us1219230.001,/dictionary/sense/en_us_NOAD3e_2012/m_en_us1219230.003,VERB,VERB,27,21,2000
elmo,rise,0.6301,/dictionary/sense/en_us_NOAD3e_2012/m_en_us1285302.024,/dictionary/sense/en_us_NOAD3e_2012/m_en_us1285302.001,VERB,VERB,56,47,2000
elmo,failure,0.835,/dictionary/sense/en_us_NOAD3e_2012/m_en_us1246019.001,/dictionary/sense/en_us_NOAD3e_2012/m_en_us1246019.005,NOUN,NOUN,32,21,2000
elmo,floor,0.7001,/dictionary/sense/en_us_NOAD3e_2012/m_en_us1247829.001,/dictionary/sense/en_us_NOAD3e_2012/m_en_us1247829.002,NOUN,NOUN,96,32,2000
elmo,concern,0.9982,/dictionary/sense/en_us_NOAD3e_2012/m_en_us1235108.001,/dictionary/sense/en_us_NOAD3e_2012/m_en_us1235108.007,VERB,NOUN,91,65,2000
elmo,put,0.6345,/dictionary/sense/en_us_NOAD3e_2012/m_en_us1281994.001,/dictionary/sense/en_us_NOAD3e_2012/m_en_us1281994.006,VERB,VERB,223,132,2000
elmo,center,0.9013,/dictionary/sense/en_us_NOAD3e_2012/m_en_us1231656.010,/dictionary/sense/en_us_NOAD3e_2012/m_en_us1231656.001,NOUN,NOUN,68,49,2000
elmo,develop,0.5992,/dictionary/sense/en_us_NOAD3e_2012/m_en_us1239896.001,/dictionary/sense/en_us_NOAD3e_2012/m_en_us1239896.009,VERB,VERB,231,60,2000
elmo,mind,0.9806000000000001,/dictionary/sense/en_us_NOAD3e_2012/m_en_us1268098.001,/dictionary/sense/en_us_NOAD3e_2012/m_en_us1268098.009,NOUN,VERB,119,22,2000
elmo,enter,0.7762,/dictionary/sense/en_us_NOAD3e_2012/m_en_us1244298.001,/dictionary/sense/en_us_NOAD3e_2012/m_en_us1244298.006,VERB,VERB,107,63,2000
elmo,strong,0.6302,/dictionary/sense/en_us_NOAD3e_2012/m_en_us1295023.001,/dictionary/sense/en_us_NOAD3e_2012/m_en_us1295023.008,ADJ,ADJ,68,63,2000
elmo,make,0.6666000000000001,/dictionary/sense/en_us_NOAD3e_2012/m_en_us1265484.008,/dictionary/sense/en_us_NOAD3e_2012/m_en_us1265484.001,VERB,VERB,1646,226,2000
elmo,water,0.8524,/dictionary/sense/en_us_NOAD3e_2012/m_en_us1305238.001,/dictionary/sense/en_us_NOAD3e_2012/m_en_us1305238.008,NOUN,NOUN,184,49,2000
elmo,range,0.9541999999999999,/dictionary/sense/en_us_NOAD3e_2012/m_en_us1282974.001,/dictionary/sense/en_us_NOAD3e_2012/m_en_us1282974.026,NOUN,VERB,87,43,2000
elmo,face,0.9839,/dictionary/sense/en_us_NOAD3e_2012/m_en_us1245912.001,/dictionary/sense/en_us_NOAD3e_2012/m_en_us1245912.017,NOUN,VERB,284,139,2000
elmo,believe,0.5993999999999999,/dictionary/sense/en_us_NOAD3e_2012/m_en_us1225789.001,/dictionary/sense/en_us_NOAD3e_2012/m_en_us1225789.005,VERB,VERB,215,185,2000
elmo,meet,0.9663999999999999,/dictionary/sense/en_us_NOAD3e_2012/m_en_us1266934.001,/dictionary/sense/en_us_NOAD3e_2012/m_en_us1266936.001,VERB,NOUN,242,235,2000
elmo,repeat,0.7020000000000001,/dictionary/sense/en_us_NOAD3e_2012/m_en_us1284285.001,/dictionary/sense/en_us_NOAD3e_2012/m_en_us1284285.005,VERB,VERB,48,32,2000
elmo,here,0.6812,/dictionary/sense/en_us_NOAD3e_2012/m_en_us1254554.001,/dictionary/sense/en_us_NOAD3e_2012/m_en_us1254554.008,ADV,ADV,578,39,2000
elmo,degree,0.9319,/dictionary/sense/en_us_NOAD3e_2012/m_en_us1239101.001,/dictionary/sense/en_us_NOAD3e_2012/m_en_us1239101.012,NOUN,NOUN,52,23,2000
elmo,protest,0.8432999999999999,/dictionary/sense/en_us_NOAD3e_2012/m_en_us1281311.004,/dictionary/sense/en_us_NOAD3e_2012/m_en_us1281311.001,VERB,NOUN,27,21,2000
elmo,race,0.9958,/dictionary/sense/en_us_NOAD3e_2012/m_en_us1282615.001,/dictionary/sense/en_us_NOAD3e_2012/m_en_us1282614.012,NOUN,VERB,27,21,2000
elmo,walk,0.8751,/dictionary/sense/en_us_NOAD3e_2012/m_en_us1304921.001,/dictionary/sense/en_us_NOAD3e_2012/m_en_us1304921.020,VERB,NOUN,342,27,2000
elmo,give,0.6165999999999999,/dictionary/sense/en_us_NOAD3e_2012/m_en_us1250951.015,/dictionary/sense/en_us_NOAD3e_2012/m_en_us1250951.001,VERB,VERB,403,243,2000
elmo,head,0.986,/dictionary/sense/en_us_NOAD3e_2012/m_en_us1253938.001,/dictionary/sense/en_us_NOAD3e_2012/m_en_us1253938.048,NOUN,VERB,258,72,2000
elmo,advance,0.9679,/dictionary/sense/en_us_NOAD3e_2012/m_en_us1220079.001,/dictionary/sense/en_us_NOAD3e_2012/m_en_us1220080.001,VERB,ADJ,47,31,2000
elmo,card,0.817,/dictionary/sense/en_us_NOAD3e_2012/m_en_us1230786.004,/dictionary/sense/en_us_NOAD3e_2012/m_en_us1230786.001,NOUN,NOUN,41,33,2000
elmo,represent,0.545,/dictionary/sense/en_us_NOAD3e_2012/m_en_us1284352.008,/dictionary/sense/en_us_NOAD3e_2012/m_en_us1284352.005,VERB,VERB,49,41,2000
elmo,trial,0.8948,/dictionary/sense/en_us_NOAD3e_2012/m_en_us1300233.001,/dictionary/sense/en_us_NOAD3e_2012/m_en_us1300233.002,NOUN,NOUN,93,82,2000
elmo,actually,0.6485999999999998,/dictionary/sense/en_us_NOAD3e_2012/m_en_us1219820.001,/dictionary/sense/en_us_NOAD3e_2012/m_en_us1219820.002,ADV,ADV,100,47,2000
elmo,open,0.8390000000000001,/dictionary/sense/en_us_NOAD3e_2012/m_en_us1273535.045,/dictionary/sense/en_us_NOAD3e_2012/m_en_us1273535.068,VERB,VERB,124,76,2000
elmo,why,0.8694,/dictionary/sense/en_us_NOAD3e_2012/m_en_us1306302.001,/dictionary/sense/en_us_NOAD3e_2012/m_en_us1306302.003,ADV,ADV,217,133,2000
elmo,high,0.8762000000000001,/dictionary/sense/en_us_NOAD3e_2012/m_en_us1254840.009,/dictionary/sense/en_us_NOAD3e_2012/m_en_us1254840.001,ADJ,ADJ,195,73,2000
elmo,force,1.0,/dictionary/sense/en_us_NOAD3e_2012/m_en_us1248351.009,/dictionary/sense/en_us_NOAD3e_2012/m_en_us1248351.015,NOUN,VERB,68,55,2000
elmo,take,0.6314,/dictionary/sense/en_us_NOAD3e_2012/m_en_us1296844.001,/dictionary/sense/en_us_NOAD3e_2012/m_en_us1296844.027,VERB,VERB,215,210,2000
elmo,can,0.9158000000000002,/dictionary/sense/en_us_NOAD3e_2012/m_en_us1230339.001,/dictionary/sense/en_us_NOAD3e_2012/m_en_us1236433.001,VERB,VERB,1173,238,2000
elmo,sound,0.9603999999999999,/dictionary/sense/en_us_NOAD3e_2012/m_en_us1292504.001,/dictionary/sense/en_us_NOAD3e_2012/m_en_us1292504.015,NOUN,VERB,78,52,2000
elmo,fish,0.8230999999999999,/dictionary/sense/en_us_NOAD3e_2012/m_en_us1247347.001,/dictionary/sense/en_us_NOAD3e_2012/m_en_us1247347.007,NOUN,VERB,39,34,2000
elmo,scene,0.6689,/dictionary/sense/en_us_NOAD3e_2012/m_en_us1287660.001,/dictionary/sense/en_us_NOAD3e_2012/m_en_us1287660.008,NOUN,NOUN,54,34,2000
elmo,case,0.7826000000000001,/dictionary/sense/en_us_NOAD3e_2012/m_en_us1231100.001,/dictionary/sense/en_us_NOAD3e_2012/m_en_us1231100.009,NOUN,NOUN,218,101,2000
elmo,come,0.8447999999999999,/dictionary/sense/en_us_NOAD3e_2012/m_en_us1234657.001,/dictionary/sense/en_us_NOAD3e_2012/m_en_us1234657.009,VERB,VERB,681,206,2000
elmo,glance,1.0,/dictionary/sense/en_us_NOAD3e_2012/m_en_us1250995.001,/dictionary/sense/en_us_NOAD3e_2012/m_en_us1250995.006,VERB,NOUN,47,27,2000
elmo,set,0.9916,/dictionary/sense/en_us_NOAD3e_2012/m_en_us1289371.001,/dictionary/sense/en_us_NOAD3e_2012/m_en_us1289370.016,NOUN,VERB,169,163,2000
elmo,speech,0.8132999999999999,/dictionary/sense/en_us_NOAD3e_2012/m_en_us1292969.004,/dictionary/sense/en_us_NOAD3e_2012/m_en_us1292969.001,NOUN,NOUN,32,21,2000
elmo,heavy,0.5582,/dictionary/sense/en_us_NOAD3e_2012/m_en_us1254116.001,/dictionary/sense/en_us_NOAD3e_2012/m_en_us1254116.007,ADJ,ADJ,39,22,2000
elmo,year,0.6253,/dictionary/sense/en_us_NOAD3e_2012/m_en_us1307589.002,/dictionary/sense/en_us_NOAD3e_2012/m_en_us1307589.006,NOUN,NOUN,782,39,2000
elmo,part,0.6488000000000002,/dictionary/sense/en_us_NOAD3e_2012/m_en_us1275784.001,/dictionary/sense/en_us_NOAD3e_2012/m_en_us1275784.009,NOUN,NOUN,175,66,2000
elmo,term,0.8874000000000001,/dictionary/sense/en_us_NOAD3e_2012/m_en_us1297843.004,/dictionary/sense/en_us_NOAD3e_2012/m_en_us1297843.001,NOUN,NOUN,79,75,2000
elmo,go,0.9705999999999999,/dictionary/sense/en_us_NOAD3e_2012/m_en_us1251252.001,/dictionary/sense/en_us_NOAD3e_2012/m_en_us1251252.023,VERB,VERB,744,245,2000
elmo,chest,0.8392,/dictionary/sense/en_us_NOAD3e_2012/m_en_us1232499.001,/dictionary/sense/en_us_NOAD3e_2012/m_en_us1232499.004,NOUN,NOUN,48,46,2000
elmo,number,0.7287000000000001,/dictionary/sense/en_us_NOAD3e_2012/m_en_us1272399.003,/dictionary/sense/en_us_NOAD3e_2012/m_en_us1272399.001,NOUN,NOUN,285,61,2000
elmo,expression,0.9640000000000001,/dictionary/sense/en_us_NOAD3e_2012/m_en_us1245687.009,/dictionary/sense/en_us_NOAD3e_2012/m_en_us1245687.001,NOUN,NOUN,58,30,2000
elmo,condition,0.7757,/dictionary/sense/en_us_NOAD3e_2012/m_en_us1235196.006,/dictionary/sense/en_us_NOAD3e_2012/m_en_us1235196.009,NOUN,NOUN,39,31,2000
elmo,deal,0.9966999999999999,/dictionary/sense/en_us_NOAD3e_2012/m_en_us1238634.007,/dictionary/sense/en_us_NOAD3e_2012/m_en_us1238634.013,VERB,NOUN,134,43,2000
elmo,less,0.6952999999999999,/dictionary/sense/en_us_NOAD3e_2012/m_en_us1263053.004,/dictionary/sense/en_us_NOAD3e_2012/m_en_us1263859.001,ADV,ADJ,123,31,2000
elmo,too,0.9892000000000001,/dictionary/sense/en_us_NOAD3e_2012/m_en_us1299350.001,/dictionary/sense/en_us_NOAD3e_2012/m_en_us1299350.003,ADV,ADV,297,205,2000
elmo,information,0.656,/dictionary/sense/en_us_NOAD3e_2012/m_en_us1258019.001,/dictionary/sense/en_us_NOAD3e_2012/m_en_us1258019.003,NOUN,NOUN,300,30,2000
elmo,touch,0.9681000000000001,/dictionary/sense/en_us_NOAD3e_2012/m_en_us1299578.001,/dictionary/sense/en_us_NOAD3e_2012/m_en_us1299578.023,VERB,NOUN,61,23,2000
elmo,move,0.8173,/dictionary/sense/en_us_NOAD3e_2012/m_en_us1269570.001,/dictionary/sense/en_us_NOAD3e_2012/m_en_us1269570.011,VERB,VERB,293,24,2000
elmo,away,0.7474000000000001,/dictionary/sense/en_us_NOAD3e_2012/m_en_us1224068.001,/dictionary/sense/en_us_NOAD3e_2012/m_en_us1224068.006,ADV,ADV,155,30,2000
elmo,different,0.641,/dictionary/sense/en_us_NOAD3e_2012/m_en_us1240277.001,/dictionary/sense/en_us_NOAD3e_2012/m_en_us1240277.003,ADJ,ADJ,173,67,2000
elmo,else,0.6484,/dictionary/sense/en_us_NOAD3e_2012/m_en_us1243711.002,/dictionary/sense/en_us_NOAD3e_2012/m_en_us1243711.001,ADV,ADV,48,30,2000
elmo,sentence,0.7896,/dictionary/sense/en_us_NOAD3e_2012/m_en_us1289107.001,/dictionary/sense/en_us_NOAD3e_2012/m_en_us1289107.003,NOUN,NOUN,39,22,2000
elmo,pressure,0.8722,/dictionary/sense/en_us_NOAD3e_2012/m_en_us1280534.001,/dictionary/sense/en_us_NOAD3e_2012/m_en_us1280534.003,NOUN,NOUN,77,58,2000
elmo,best,0.5645999999999999,/dictionary/sense/en_us_NOAD3e_2012/m_en_us1226116.001,/dictionary/sense/en_us_NOAD3e_2012/m_en_us1251501.004,ADJ,ADJ,124,131,2000
elmo,soil,0.6567000000000001,/dictionary/sense/en_us_NOAD3e_2012/m_en_us1292154.001,/dictionary/sense/en_us_NOAD3e_2012/m_en_us1292155.004,NOUN,NOUN,28,22,2000
elmo,support,0.9550999999999998,/dictionary/sense/en_us_NOAD3e_2012/m_en_us1295942.005,/dictionary/sense/en_us_NOAD3e_2012/m_en_us1295942.016,VERB,NOUN,188,136,2000
elmo,order,1.0,/dictionary/sense/en_us_NOAD3e_2012/m_en_us1273820.008,/dictionary/sense/en_us_NOAD3e_2012/m_en_us1273820.032,NOUN,VERB,91,47,2000
elmo,individual,0.6921999999999999,/dictionary/sense/en_us_NOAD3e_2012/m_en_us1257786.001,/dictionary/sense/en_us_NOAD3e_2012/m_en_us1257786.002,ADJ,ADJ,61,22,2000
elmo,end,0.8295,/dictionary/sense/en_us_NOAD3e_2012/m_en_us1244023.001,/dictionary/sense/en_us_NOAD3e_2012/m_en_us1244023.006,NOUN,NOUN,160,87,2000
elmo,people,0.8032999999999999,/dictionary/sense/en_us_NOAD3e_2012/m_en_us1276782.001,/dictionary/sense/en_us_NOAD3e_2012/m_en_us1276782.007,NOUN,NOUN,731,52,2000
elmo,tear,1.0,/dictionary/sense/en_us_NOAD3e_2012/m_en_us1297381.001,/dictionary/sense/en_us_NOAD3e_2012/m_en_us1297382.001,VERB,NOUN,37,24,2000
elmo,exercise,0.9614,/dictionary/sense/en_us_NOAD3e_2012/m_en_us1245490.001,/dictionary/sense/en_us_NOAD3e_2012/m_en_us1245490.007,NOUN,VERB,46,38,2000
elmo,early,0.9051,/dictionary/sense/en_us_NOAD3e_2012/m_en_us1242798.003,/dictionary/sense/en_us_NOAD3e_2012/m_en_us1242798.007,ADJ,ADV,198,85,2000
elmo,find,0.6829000000000001,/dictionary/sense/en_us_NOAD3e_2012/m_en_us1247107.001,/dictionary/sense/en_us_NOAD3e_2012/m_en_us1247107.008,VERB,VERB,454,441,2000
elmo,school,0.6481,/dictionary/sense/en_us_NOAD3e_2012/m_en_us1287761.001,/dictionary/sense/en_us_NOAD3e_2012/m_en_us1287761.006,NOUN,NOUN,299,28,2000
elmo,list,0.9911999999999999,/dictionary/sense/en_us_NOAD3e_2012/m_en_us1263771.001,/dictionary/sense/en_us_NOAD3e_2012/m_en_us1263771.007,NOUN,VERB,168,68,2000
elmo,issue,0.9776999999999999,/dictionary/sense/en_us_NOAD3e_2012/m_en_us1259315.001,/dictionary/sense/en_us_NOAD3e_2012/m_en_us1259315.009,NOUN,VERB,201,70,2000
elmo,ask,0.8274000000000001,/dictionary/sense/en_us_NOAD3e_2012/m_en_us1223272.001,/dictionary/sense/en_us_NOAD3e_2012/m_en_us1223272.004,VERB,VERB,545,208,2000
elmo,great,0.7609,/dictionary/sense/en_us_NOAD3e_2012/m_en_us1252093.001,/dictionary/sense/en_us_NOAD3e_2012/m_en_us1252093.007,ADJ,ADJ,290,165,2000
elmo,when,0.5550999999999999,/dictionary/sense/en_us_NOAD3e_2012/m_en_us1305963.004,/dictionary/sense/en_us_NOAD3e_2012/m_en_us1305963.005,ADV,CONJ,364,106,2000
elmo,train,1.0,/dictionary/sense/en_us_NOAD3e_2012/m_en_us1299837.011,/dictionary/sense/en_us_NOAD3e_2012/m_en_us1299837.001,NOUN,VERB,50,58,2000
elmo,wood,1.0,/dictionary/sense/en_us_NOAD3e_2012/m_en_us1306904.001,/dictionary/sense/en_us_NOAD3e_2012/m_en_us1306904.005,NOUN,NOUN,44,21,2000
elmo,account,0.9071,/dictionary/sense/en_us_NOAD3e_2012/m_en_us1219574.005,/dictionary/sense/en_us_NOAD3e_2012/m_en_us1219574.001,NOUN,NOUN,54,38,2000
elmo,then,0.8603999999999999,/dictionary/sense/en_us_NOAD3e_2012/m_en_us1298166.002,/dictionary/sense/en_us_NOAD3e_2012/m_en_us1298166.004,ADV,ADV,591,227,2000
elmo,add,0.8446999999999999,/dictionary/sense/en_us_NOAD3e_2012/m_en_us1219879.001,/dictionary/sense/en_us_NOAD3e_2012/m_en_us1219879.009,VERB,VERB,214,64,2000
elmo,up,0.942,/dictionary/sense/en_us_NOAD3e_2012/m_en_us1302984.001,/dictionary/sense/en_us_NOAD3e_2012/m_en_us1302984.012,ADV,ADV,64,22,2000
elmo,just,0.7445,/dictionary/sense/en_us_NOAD3e_2012/m_en_us1260351.008,/dictionary/sense/en_us_NOAD3e_2012/m_en_us1260351.004,ADV,ADV,759,142,2000
elmo,central,0.9791000000000001,/dictionary/sense/en_us_NOAD3e_2012/m_en_us1231691.001,/dictionary/sense/en_us_NOAD3e_2012/m_en_us1231691.004,ADJ,ADJ,27,21,2000
elmo,long,0.8955,/dictionary/sense/en_us_NOAD3e_2012/m_en_us1264221.025,/dictionary/sense/en_us_NOAD3e_2012/m_en_us1264221.001,ADV,ADJ,168,138,2000
elmo,more,0.5991,/dictionary/sense/en_us_NOAD3e_2012/m_en_us1269205.004,/dictionary/sense/en_us_NOAD3e_2012/m_en_us1269205.005,ADV,ADV,389,111,2000
elmo,hall,0.8021,/dictionary/sense/en_us_NOAD3e_2012/m_en_us1253236.001,/dictionary/sense/en_us_NOAD3e_2012/m_en_us1253236.003,NOUN,NOUN,42,22,2000
elmo,interest,0.7736999999999999,/dictionary/sense/en_us_NOAD3e_2012/m_en_us1258561.001,/dictionary/sense/en_us_NOAD3e_2012/m_en_us1258561.006,NOUN,NOUN,115,48,2000
elmo,better,0.6867000000000001,/dictionary/sense/en_us_NOAD3e_2012/m_en_us1226175.001,/dictionary/sense/en_us_NOAD3e_2012/m_en_us1226175.006,ADJ,ADV,210,77,2000
elmo,gather,0.7072,/dictionary/sense/en_us_NOAD3e_2012/m_en_us1250220.002,/dictionary/sense/en_us_NOAD3e_2012/m_en_us1250220.001,VERB,VERB,31,25,2000
elmo,real,0.6555,/dictionary/sense/en_us_NOAD3e_2012/m_en_us1283275.004,/dictionary/sense/en_us_NOAD3e_2012/m_en_us1283275.001,ADJ,ADJ,69,46,2000
elmo,feed,0.8991,/dictionary/sense/en_us_NOAD3e_2012/m_en_us1246544.001,/dictionary/sense/en_us_NOAD3e_2012/m_en_us1246544.016,VERB,NOUN,73,39,2000
elmo,lose,0.6932,/dictionary/sense/en_us_NOAD3e_2012/m_en_us1264407.001,/dictionary/sense/en_us_NOAD3e_2012/m_en_us1264407.016,VERB,VERB,197,27,2000
elmo,score,0.9847999999999999,/dictionary/sense/en_us_NOAD3e_2012/m_en_us1287919.001,/dictionary/sense/en_us_NOAD3e_2012/m_en_us1287919.014,NOUN,VERB,34,22,2000
elmo,private,0.8907,/dictionary/sense/en_us_NOAD3e_2012/m_en_us1280823.009,/dictionary/sense/en_us_NOAD3e_2012/m_en_us1280823.001,ADJ,ADJ,38,26,2000
elmo,allow,0.6422,/dictionary/sense/en_us_NOAD3e_2012/m_en_us1221081.001,/dictionary/sense/en_us_NOAD3e_2012/m_en_us1221081.006,VERB,VERB,139,87,2000
elmo,stand,0.8496,/dictionary/sense/en_us_NOAD3e_2012/m_en_us1293803.001,/dictionary/sense/en_us_NOAD3e_2012/m_en_us1293803.013,VERB,VERB,199,76,2000
elmo,regular,0.5546,/dictionary/sense/en_us_NOAD3e_2012/m_en_us1283968.013,/dictionary/sense/en_us_NOAD3e_2012/m_en_us1283968.001,ADJ,ADJ,23,22,2000
elmo,living,0.6695,/dictionary/sense/en_us_NOAD3e_2012/m_en_us1263900.008,/dictionary/sense/en_us_NOAD3e_2012/m_en_us1263900.001,VERB,VERB,189,188,2000
elmo,return,0.79,/dictionary/sense/en_us_NOAD3e_2012/m_en_us1284725.001,/dictionary/sense/en_us_NOAD3e_2012/m_en_us1284725.005,VERB,VERB,195,51,2000
elmo,spirit,0.6803999999999999,/dictionary/sense/en_us_NOAD3e_2012/m_en_us1293210.007,/dictionary/sense/en_us_NOAD3e_2012/m_en_us1293210.001,NOUN,NOUN,68,31,2000
elmo,wave,1.0,/dictionary/sense/en_us_NOAD3e_2012/m_en_us1305390.008,/dictionary/sense/en_us_NOAD3e_2012/m_en_us1305390.001,NOUN,VERB,51,28,2000
elmo,space,0.7777,/dictionary/sense/en_us_NOAD3e_2012/m_en_us1292678.001,/dictionary/sense/en_us_NOAD3e_2012/m_en_us1292678.012,NOUN,NOUN,45,36,2000
elmo,memory,0.6823,/dictionary/sense/en_us_NOAD3e_2012/m_en_us1267090.005,/dictionary/sense/en_us_NOAD3e_2012/m_en_us1267090.001,NOUN,NOUN,46,35,2000
elmo,common,0.7167999999999999,/dictionary/sense/en_us_NOAD3e_2012/m_en_us1234788.001,/dictionary/sense/en_us_NOAD3e_2012/m_en_us1234788.008,ADJ,ADJ,60,52,2000
elmo,cut,0.9159,/dictionary/sense/en_us_NOAD3e_2012/m_en_us1237850.017,/dictionary/sense/en_us_NOAD3e_2012/m_en_us1237850.038,VERB,NOUN,52,33,2000
elmo,authority,0.7815000000000001,/dictionary/sense/en_us_NOAD3e_2012/m_en_us1223888.001,/dictionary/sense/en_us_NOAD3e_2012/m_en_us1223888.004,NOUN,NOUN,53,33,2000
elmo,style,0.5688,/dictionary/sense/en_us_NOAD3e_2012/m_en_us1295166.001,/dictionary/sense/en_us_NOAD3e_2012/m_en_us1295166.006,NOUN,NOUN,103,27,2000
elmo,power,0.9009,/dictionary/sense/en_us_NOAD3e_2012/m_en_us1280001.002,/dictionary/sense/en_us_NOAD3e_2012/m_en_us1280001.017,NOUN,NOUN,104,72,2000
elmo,service,0.5601,/dictionary/sense/en_us_NOAD3e_2012/m_en_us1289310.001,/dictionary/sense/en_us_NOAD3e_2012/m_en_us1289310.015,NOUN,NOUN,103,25,2000
elmo,form,0.9868,/dictionary/sense/en_us_NOAD3e_2012/m_en_us1248515.024,/dictionary/sense/en_us_NOAD3e_2012/m_en_us1248515.001,VERB,NOUN,97,68,2000
elmo,look,0.9122,/dictionary/sense/en_us_NOAD3e_2012/m_en_us1264302.001,/dictionary/sense/en_us_NOAD3e_2012/m_en_us1264302.013,VERB,VERB,587,265,2000
elmo,world,0.6378,/dictionary/sense/en_us_NOAD3e_2012/m_en_us1307108.001,/dictionary/sense/en_us_NOAD3e_2012/m_en_us1307108.006,NOUN,NOUN,369,102,2000
elmo,appear,0.8798,/dictionary/sense/en_us_NOAD3e_2012/m_en_us1222474.001,/dictionary/sense/en_us_NOAD3e_2012/m_en_us1222474.008,VERB,VERB,175,171,2000
elmo,be,0.7544,/dictionary/sense/en_us_NOAD3e_2012/m_en_us1225404.008,/dictionary/sense/en_us_NOAD3e_2012/m_en_us1225404.001,VERB,VERB,19555,1180,2000
elmo,purchase,0.9442,/dictionary/sense/en_us_NOAD3e_2012/m_en_us1281893.001,/dictionary/sense/en_us_NOAD3e_2012/m_en_us1281893.004,VERB,NOUN,72,51,2000
elmo,follow,0.7228,/dictionary/sense/en_us_NOAD3e_2012/m_en_us1248194.001,/dictionary/sense/en_us_NOAD3e_2012/m_en_us1248194.006,VERB,VERB,143,126,2000
elmo,status,0.5701,/dictionary/sense/en_us_NOAD3e_2012/m_en_us1294036.004,/dictionary/sense/en_us_NOAD3e_2012/m_en_us1294036.001,NOUN,NOUN,40,25,2000
elmo,story,0.6355999999999999,/dictionary/sense/en_us_NOAD3e_2012/m_en_us1294727.001,/dictionary/sense/en_us_NOAD3e_2012/m_en_us1294727.006,NOUN,NOUN,149,39,2000
elmo,miss,0.5932999999999999,/dictionary/sense/en_us_NOAD3e_2012/m_en_us1268412.001,/dictionary/sense/en_us_NOAD3e_2012/m_en_us1268412.013,VERB,VERB,83,24,2000
elmo,use,0.9461,/dictionary/sense/en_us_NOAD3e_2012/m_en_us1303226.001,/dictionary/sense/en_us_NOAD3e_2012/m_en_us1303226.008,VERB,VERB,1109,34,2000
elmo,most,0.6668000000000001,/dictionary/sense/en_us_NOAD3e_2012/m_en_us1269360.005,/dictionary/sense/en_us_NOAD3e_2012/m_en_us1269360.007,ADV,ADV,402,29,2000
elmo,approach,1.0,/dictionary/sense/en_us_NOAD3e_2012/m_en_us1222560.009,/dictionary/sense/en_us_NOAD3e_2012/m_en_us1222560.001,NOUN,VERB,81,68,2000
elmo,design,0.8815999999999999,/dictionary/sense/en_us_NOAD3e_2012/m_en_us1239718.001,/dictionary/sense/en_us_NOAD3e_2012/m_en_us1239718.004,NOUN,NOUN,75,31,2000
elmo,have,0.9212,/dictionary/sense/en_us_NOAD3e_2012/m_en_us1253820.001,/dictionary/sense/en_us_NOAD3e_2012/m_en_us1253820.034,VERB,VERB,2516,1792,2000
elmo,strike,0.817,/dictionary/sense/en_us_NOAD3e_2012/m_en_us1294954.001,/dictionary/sense/en_us_NOAD3e_2012/m_en_us1294954.017,VERB,VERB,39,25,2000
elmo,serve,0.8126000000000001,/dictionary/sense/en_us_NOAD3e_2012/m_en_us1289303.001,/dictionary/sense/en_us_NOAD3e_2012/m_en_us1289303.014,VERB,VERB,112,93,2000
elmo,whole,0.9743,/dictionary/sense/en_us_NOAD3e_2012/m_en_us1306243.001,/dictionary/sense/en_us_NOAD3e_2012/m_en_us1306243.006,ADJ,NOUN,170,26,2000
elmo,man,0.7763,/dictionary/sense/en_us_NOAD3e_2012/m_en_us1265688.001,/dictionary/sense/en_us_NOAD3e_2012/m_en_us1265688.010,NOUN,NOUN,848,157,2000
elmo,site,0.8154,/dictionary/sense/en_us_NOAD3e_2012/m_en_us1291008.001,/dictionary/sense/en_us_NOAD3e_2012/m_en_us1291008.004,NOUN,NOUN,125,29,2000
elmo,dark,0.8183,/dictionary/sense/en_us_NOAD3e_2012/m_en_us1238353.005,/dictionary/sense/en_us_NOAD3e_2012/m_en_us1238353.001,ADJ,ADJ,46,31,2000
elmo,watch,0.9294,/dictionary/sense/en_us_NOAD3e_2012/m_en_us1305222.001,/dictionary/sense/en_us_NOAD3e_2012/m_en_us1305222.010,VERB,NOUN,317,26,2000
elmo,stay,0.6547,/dictionary/sense/en_us_NOAD3e_2012/m_en_us1294061.005,/dictionary/sense/en_us_NOAD3e_2012/m_en_us1294061.001,VERB,VERB,78,49,2000
elmo,guide,0.9486000000000001,/dictionary/sense/en_us_NOAD3e_2012/m_en_us1252703.003,/dictionary/sense/en_us_NOAD3e_2012/m_en_us1252703.010,NOUN,VERB,28,23,2000
elmo,quite,0.5442,/dictionary/sense/en_us_NOAD3e_2012/m_en_us1282538.001,/dictionary/sense/en_us_NOAD3e_2012/m_en_us1282538.003,ADV,ADV,101,26,2000
elmo,plan,0.9733,/dictionary/sense/en_us_NOAD3e_2012/m_en_us1278551.001,/dictionary/sense/en_us_NOAD3e_2012/m_en_us1278551.008,NOUN,VERB,139,103,2000
elmo,address,0.9952,/dictionary/sense/en_us_NOAD3e_2012/m_en_us1219905.001,/dictionary/sense/en_us_NOAD3e_2012/m_en_us1219905.012,NOUN,VERB,74,62,2000
elmo,transfer,0.8638999999999999,/dictionary/sense/en_us_NOAD3e_2012/m_en_us1299918.010,/dictionary/sense/en_us_NOAD3e_2012/m_en_us1299918.001,NOUN,VERB,84,36,2000
elmo,must,0.8112,/dictionary/sense/en_us_NOAD3e_2012/m_en_us1270091.001,/dictionary/sense/en_us_NOAD3e_2012/m_en_us1270091.004,VERB,VERB,186,34,2000
elmo,house,0.9898,/dictionary/sense/en_us_NOAD3e_2012/m_en_us1255965.001,/dictionary/sense/en_us_NOAD3e_2012/m_en_us1256034.001,NOUN,NOUN,284,26,2000
elmo,action,0.6266,/dictionary/sense/en_us_NOAD3e_2012/m_en_us1219785.001,/dictionary/sense/en_us_NOAD3e_2012/m_en_us1219785.009,NOUN,NOUN,115,61,2000
elmo,dress,1.0,/dictionary/sense/en_us_NOAD3e_2012/m_en_us1242048.001,/dictionary/sense/en_us_NOAD3e_2012/m_en_us1242048.018,VERB,NOUN,44,41,2000
elmo,job,0.657,/dictionary/sense/en_us_NOAD3e_2012/m_en_us1259910.001,/dictionary/sense/en_us_NOAD3e_2012/m_en_us1259910.002,NOUN,NOUN,244,64,2000
elmo,where,0.9269000000000001,/dictionary/sense/en_us_NOAD3e_2012/m_en_us1305971.001,/dictionary/sense/en_us_NOAD3e_2012/m_en_us1305971.005,ADV,ADV,129,99,2000
elmo,quality,0.8596999999999999,/dictionary/sense/en_us_NOAD3e_2012/m_en_us1282278.001,/dictionary/sense/en_us_NOAD3e_2012/m_en_us1282278.005,NOUN,NOUN,67,36,2000
elmo,review,1.0,/dictionary/sense/en_us_NOAD3e_2012/m_en_us1284795.001,/dictionary/sense/en_us_NOAD3e_2012/m_en_us1284795.008,NOUN,VERB,57,47,2000
elmo,short,0.7956,/dictionary/sense/en_us_NOAD3e_2012/m_en_us1290194.007,/dictionary/sense/en_us_NOAD3e_2012/m_en_us1290194.001,ADJ,ADJ,58,36,2000
elmo,line,0.722,/dictionary/sense/en_us_NOAD3e_2012/m_en_us1263591.001,/dictionary/sense/en_us_NOAD3e_2012/m_en_us1263591.025,NOUN,NOUN,80,32,2000
elmo,produce,0.6153,/dictionary/sense/en_us_NOAD3e_2012/m_en_us1280954.001,/dictionary/sense/en_us_NOAD3e_2012/m_en_us1280954.005,VERB,VERB,126,54,2000
elmo,really,0.8431999999999998,/dictionary/sense/en_us_NOAD3e_2012/m_en_us1283295.001,/dictionary/sense/en_us_NOAD3e_2012/m_en_us1283295.004,ADV,ADV,304,44,2000
elmo,marry,0.6725999999999999,/dictionary/sense/en_us_NOAD3e_2012/m_en_us1266218.001,/dictionary/sense/en_us_NOAD3e_2012/m_en_us1266212.001,VERB,ADJ,62,32,2000
elmo,environment,0.8583000000000001,/dictionary/sense/en_us_NOAD3e_2012/m_en_us1244401.001,/dictionary/sense/en_us_NOAD3e_2012/m_en_us1244401.004,NOUN,NOUN,59,35,2000
elmo,know,0.7116,/dictionary/sense/en_us_NOAD3e_2012/m_en_us1261363.001,/dictionary/sense/en_us_NOAD3e_2012/m_en_us1261363.004,VERB,VERB,1465,203,2000
elmo,further,0.9129000000000002,/dictionary/sense/en_us_NOAD3e_2012/m_en_us1249623.011,/dictionary/sense/en_us_NOAD3e_2012/m_en_us1249623.006,ADJ,ADV,89,74,2000
elmo,once,0.6939,/dictionary/sense/en_us_NOAD3e_2012/m_en_us1273373.001,/dictionary/sense/en_us_NOAD3e_2012/m_en_us1273373.003,ADV,ADV,104,50,2000
elmo,contact,0.6578,/dictionary/sense/en_us_NOAD3e_2012/m_en_us1235578.001,/dictionary/sense/en_us_NOAD3e_2012/m_en_us1235578.006,NOUN,NOUN,54,21,2000
elmo,deny,0.7121999999999999,/dictionary/sense/en_us_NOAD3e_2012/m_en_us1239485.001,/dictionary/sense/en_us_NOAD3e_2012/m_en_us1239485.002,VERB,VERB,50,31,2000
elmo,night,0.7517,/dictionary/sense/en_us_NOAD3e_2012/m_en_us1271449.001,/dictionary/sense/en_us_NOAD3e_2012/m_en_us1271449.005,NOUN,NOUN,112,73,2000
elmo,charge,0.8938,/dictionary/sense/en_us_NOAD3e_2012/m_en_us1232154.015,/dictionary/sense/en_us_NOAD3e_2012/m_en_us1232154.017,NOUN,NOUN,36,25,2000
elmo,white,0.8385,/dictionary/sense/en_us_NOAD3e_2012/m_en_us1306086.001,/dictionary/sense/en_us_NOAD3e_2012/m_en_us1306086.010,ADJ,ADJ,107,23,2000
elmo,couple,0.9987,/dictionary/sense/en_us_NOAD3e_2012/m_en_us1236569.001,/dictionary/sense/en_us_NOAD3e_2012/m_en_us1236569.003,NOUN,NOUN,62,33,2000
elmo,own,1.0,/dictionary/sense/en_us_NOAD3e_2012/m_en_us1274748.001,/dictionary/sense/en_us_NOAD3e_2012/m_en_us1274748.004,ADJ,VERB,446,89,2000
elmo,point,0.9999,/dictionary/sense/en_us_NOAD3e_2012/m_en_us1279055.011,/dictionary/sense/en_us_NOAD3e_2012/m_en_us1279055.057,NOUN,VERB,143,122,2000
elmo,business,0.7558999999999999,/dictionary/sense/en_us_NOAD3e_2012/m_en_us1229649.005,/dictionary/sense/en_us_NOAD3e_2012/m_en_us1229649.001,NOUN,NOUN,157,39,2000
elmo,fail,0.7625,/dictionary/sense/en_us_NOAD3e_2012/m_en_us1246013.001,/dictionary/sense/en_us_NOAD3e_2012/m_en_us1246013.005,VERB,VERB,80,36,2000
elmo,leave,0.773,/dictionary/sense/en_us_NOAD3e_2012/m_en_us1262701.001,/dictionary/sense/en_us_NOAD3e_2012/m_en_us1262701.004,VERB,VERB,268,162,2000
elmo,pull,0.5698000000000001,/dictionary/sense/en_us_NOAD3e_2012/m_en_us1281748.001,/dictionary/sense/en_us_NOAD3e_2012/m_en_us1281748.009,VERB,VERB,90,30,2000
elmo,direct,0.9722,/dictionary/sense/en_us_NOAD3e_2012/m_en_us1240564.002,/dictionary/sense/en_us_NOAD3e_2012/m_en_us1240564.013,ADJ,VERB,50,31,2000
elmo,sense,0.9287000000000001,/dictionary/sense/en_us_NOAD3e_2012/m_en_us1289077.002,/dictionary/sense/en_us_NOAD3e_2012/m_en_us1289077.007,NOUN,NOUN,72,65,2000
elmo,production,0.8513,/dictionary/sense/en_us_NOAD3e_2012/m_en_us1280958.001,/dictionary/sense/en_us_NOAD3e_2012/m_en_us1280958.006,NOUN,NOUN,75,24,2000
elmo,let,0.9044000000000001,/dictionary/sense/en_us_NOAD3e_2012/m_en_us1263073.001,/dictionary/sense/en_us_NOAD3e_2012/m_en_us1263073.003,VERB,VERB,209,196,2000
elmo,place,0.9885999999999999,/dictionary/sense/en_us_NOAD3e_2012/m_en_us1278491.001,/dictionary/sense/en_us_NOAD3e_2012/m_en_us1278491.024,NOUN,VERB,231,173,2000
elmo,continue,0.7556,/dictionary/sense/en_us_NOAD3e_2012/m_en_us1235657.001,/dictionary/sense/en_us_NOAD3e_2012/m_en_us1235657.006,VERB,VERB,338,21,2000
elmo,stress,0.9463000000000001,/dictionary/sense/en_us_NOAD3e_2012/m_en_us1294921.005,/dictionary/sense/en_us_NOAD3e_2012/m_en_us1294921.007,NOUN,VERB,68,37,2000
elmo,perform,0.9738,/dictionary/sense/en_us_NOAD3e_2012/m_en_us1276921.001,/dictionary/sense/en_us_NOAD3e_2012/m_en_us1276921.005,VERB,VERB,69,24,2000
elmo,stage,0.8344000000000001,/dictionary/sense/en_us_NOAD3e_2012/m_en_us1293716.001,/dictionary/sense/en_us_NOAD3e_2012/m_en_us1293716.005,NOUN,NOUN,79,25,2000
elmo,forward,0.9343,/dictionary/sense/en_us_NOAD3e_2012/m_en_us1248624.001,/dictionary/sense/en_us_NOAD3e_2012/m_en_us1248624.022,ADV,VERB,41,29,2000
elmo,check,1.0,/dictionary/sense/en_us_NOAD3e_2012/m_en_us1232322.001,/dictionary/sense/en_us_NOAD3e_2012/m_en_us1232323.001,VERB,NOUN,113,30,2000
elmo,state,0.9847000000000001,/dictionary/sense/en_us_NOAD3e_2012/m_en_us1293954.006,/dictionary/sense/en_us_NOAD3e_2012/m_en_us1293954.016,NOUN,VERB,324,124,2000
elmo,back,0.5673999999999999,/dictionary/sense/en_us_NOAD3e_2012/m_en_us1224262.020,/dictionary/sense/en_us_NOAD3e_2012/m_en_us1224262.018,ADV,ADV,165,101,2000
elmo,material,0.7391,/dictionary/sense/en_us_NOAD3e_2012/m_en_us1266478.001,/dictionary/sense/en_us_NOAD3e_2012/m_en_us1266478.004,NOUN,NOUN,108,63,2000
elmo,complete,0.9618,/dictionary/sense/en_us_NOAD3e_2012/m_en_us1234960.007,/dictionary/sense/en_us_NOAD3e_2012/m_en_us1234960.001,VERB,ADJ,74,67,2000
elmo,rather,0.8966,/dictionary/sense/en_us_NOAD3e_2012/m_en_us1283099.004,/dictionary/sense/en_us_NOAD3e_2012/m_en_us1283099.002,ADV,ADV,148,70,2000
elmo,foot,0.9282,/dictionary/sense/en_us_NOAD3e_2012/m_en_us1248262.001,/dictionary/sense/en_us_NOAD3e_2012/m_en_us1248262.013,NOUN,NOUN,116,99,2000
elmo,party,0.8942,/dictionary/sense/en_us_NOAD3e_2012/m_en_us1275850.002,/dictionary/sense/en_us_NOAD3e_2012/m_en_us1275850.001,NOUN,NOUN,52,36,2000
elmo,depth,0.5972,/dictionary/sense/en_us_NOAD3e_2012/m_en_us1239575.006,/dictionary/sense/en_us_NOAD3e_2012/m_en_us1239575.001,NOUN,NOUN,29,24,2000
elmo,jump,0.5539,/dictionary/sense/en_us_NOAD3e_2012/m_en_us1260248.009,/dictionary/sense/en_us_NOAD3e_2012/m_en_us1260248.001,VERB,VERB,27,27,2000
elmo,day,0.6406000000000001,/dictionary/sense/en_us_NOAD3e_2012/m_en_us1238506.001,/dictionary/sense/en_us_NOAD3e_2012/m_en_us1238506.007,NOUN,NOUN,594,112,2000
elmo,draw,0.556,/dictionary/sense/en_us_NOAD3e_2012/m_en_us1241991.011,/dictionary/sense/en_us_NOAD3e_2012/m_en_us1241991.023,VERB,VERB,53,31,2000
elmo,include,0.5416000000000001,/dictionary/sense/en_us_NOAD3e_2012/m_en_us1257529.001,/dictionary/sense/en_us_NOAD3e_2012/m_en_us1257529.002,VERB,VERB,329,106,2000
elmo,remove,0.7510000000000001,/dictionary/sense/en_us_NOAD3e_2012/m_en_us1284193.018,/dictionary/sense/en_us_NOAD3e_2012/m_en_us1284193.014,VERB,VERB,65,52,2000
elmo,work,0.9891,/dictionary/sense/en_us_NOAD3e_2012/m_en_us1307050.020,/dictionary/sense/en_us_NOAD3e_2012/m_en_us1307050.009,VERB,NOUN,429,171,2000
elmo,employ,0.8166,/dictionary/sense/en_us_NOAD3e_2012/m_en_us1243895.003,/dictionary/sense/en_us_NOAD3e_2012/m_en_us1243895.001,VERB,VERB,46,23,2000
elmo,standard,0.8233,/dictionary/sense/en_us_NOAD3e_2012/m_en_us1293805.003,/dictionary/sense/en_us_NOAD3e_2012/m_en_us1293805.016,NOUN,ADJ,79,41,2000
elmo,performance,0.901,/dictionary/sense/en_us_NOAD3e_2012/m_en_us1276922.001,/dictionary/sense/en_us_NOAD3e_2012/m_en_us1276922.004,NOUN,NOUN,55,29,2000
elmo,drive,0.9094999999999999,/dictionary/sense/en_us_NOAD3e_2012/m_en_us1242109.001,/dictionary/sense/en_us_NOAD3e_2012/m_en_us1242109.017,VERB,VERB,124,28,2000
elmo,office,0.5921999999999998,/dictionary/sense/en_us_NOAD3e_2012/m_en_us1272983.001,/dictionary/sense/en_us_NOAD3e_2012/m_en_us1272983.005,NOUN,NOUN,172,25,2000
elmo,language,0.8391,/dictionary/sense/en_us_NOAD3e_2012/m_en_us1262152.003,/dictionary/sense/en_us_NOAD3e_2012/m_en_us1262152.005,NOUN,NOUN,93,39,2000
elmo,side,0.7333999999999999,/dictionary/sense/en_us_NOAD3e_2012/m_en_us1290484.001,/dictionary/sense/en_us_NOAD3e_2012/m_en_us1290484.015,NOUN,NOUN,88,53,2000
elmo,yet,0.9949999999999999,/dictionary/sense/en_us_NOAD3e_2012/m_en_us1307680.001,/dictionary/sense/en_us_NOAD3e_2012/m_en_us1307680.007,ADV,ADV,72,21,2000
elmo,record,0.958,/dictionary/sense/en_us_NOAD3e_2012/m_en_us1283496.001,/dictionary/sense/en_us_NOAD3e_2012/m_en_us1283496.009,NOUN,VERB,73,42,2000
elmo,break,0.5955999999999999,/dictionary/sense/en_us_NOAD3e_2012/m_en_us1228580.001,/dictionary/sense/en_us_NOAD3e_2012/m_en_us1228580.017,VERB,VERB,60,26,2000
elmo,agree,0.818,/dictionary/sense/en_us_NOAD3e_2012/m_en_us1220472.001,/dictionary/sense/en_us_NOAD3e_2012/m_en_us1220472.003,VERB,VERB,129,66,2000
elmo,rate,0.9339000000000001,/dictionary/sense/en_us_NOAD3e_2012/m_en_us1283088.003,/dictionary/sense/en_us_NOAD3e_2012/m_en_us1283088.001,NOUN,NOUN,116,114,2000
elmo,energy,0.8219000000000001,/dictionary/sense/en_us_NOAD3e_2012/m_en_us1244127.005,/dictionary/sense/en_us_NOAD3e_2012/m_en_us1244127.006,NOUN,NOUN,48,21,2000
elmo,good,0.5565,/dictionary/sense/en_us_NOAD3e_2012/m_en_us1251501.001,/dictionary/sense/en_us_NOAD3e_2012/m_en_us1251501.004,ADJ,ADJ,141,131,2000
elmo,girl,0.6354000000000001,/dictionary/sense/en_us_NOAD3e_2012/m_en_us1250925.003,/dictionary/sense/en_us_NOAD3e_2012/m_en_us1250925.001,NOUN,NOUN,169,38,2000
elmo,step,0.9803000000000001,/dictionary/sense/en_us_NOAD3e_2012/m_en_us1294221.013,/dictionary/sense/en_us_NOAD3e_2012/m_en_us1294221.018,NOUN,VERB,81,79,2000
elmo,old,0.6321000000000001,/dictionary/sense/en_us_NOAD3e_2012/m_en_us1273160.001,/dictionary/sense/en_us_NOAD3e_2012/m_en_us1273160.005,ADJ,ADJ,235,87,2000
elmo,trade,0.9562000000000002,/dictionary/sense/en_us_NOAD3e_2012/m_en_us1299768.001,/dictionary/sense/en_us_NOAD3e_2012/m_en_us1299768.012,NOUN,VERB,55,30,2000
elmo,commit,0.9357,/dictionary/sense/en_us_NOAD3e_2012/m_en_us1234770.001,/dictionary/sense/en_us_NOAD3e_2012/m_en_us1234770.002,VERB,VERB,24,21,2000
elmo,view,0.8960000000000001,/dictionary/sense/en_us_NOAD3e_2012/m_en_us1304221.007,/dictionary/sense/en_us_NOAD3e_2012/m_en_us1304221.001,NOUN,NOUN,111,60,2000
elmo,late,0.9110999999999999,/dictionary/sense/en_us_NOAD3e_2012/m_en_us1262336.011,/dictionary/sense/en_us_NOAD3e_2012/m_en_us1262336.002,ADV,ADJ,258,62,2000
elmo,shop,0.9193999999999999,/dictionary/sense/en_us_NOAD3e_2012/m_en_us1290155.001,/dictionary/sense/en_us_NOAD3e_2012/m_en_us1290168.001,NOUN,NOUN,57,28,2000
elmo,big,0.5554,/dictionary/sense/en_us_NOAD3e_2012/m_en_us1226340.001,/dictionary/sense/en_us_NOAD3e_2012/m_en_us1226340.010,ADJ,ADJ,236,21,2000
elmo,total,0.9259000000000001,/dictionary/sense/en_us_NOAD3e_2012/m_en_us1299553.001,/dictionary/sense/en_us_NOAD3e_2012/m_en_us1299553.004,ADJ,VERB,58,21,2000
elmo,net,0.9871000000000001,/dictionary/sense/en_us_NOAD3e_2012/m_en_us1271062.010,/dictionary/sense/en_us_NOAD3e_2012/m_en_us1271063.001,NOUN,ADJ,33,21,2000
elmo,age,0.8230000000000001,/dictionary/sense/en_us_NOAD3e_2012/m_en_us1220381.001,/dictionary/sense/en_us_NOAD3e_2012/m_en_us1220381.004,NOUN,NOUN,169,36,2000
elmo,note,0.9186,/dictionary/sense/en_us_NOAD3e_2012/m_en_us1272172.013,/dictionary/sense/en_us_NOAD3e_2012/m_en_us1272172.001,VERB,NOUN,164,38,2000
elmo,physical,0.6831,/dictionary/sense/en_us_NOAD3e_2012/m_en_us1277818.004,/dictionary/sense/en_us_NOAD3e_2012/m_en_us1277818.001,ADJ,ADJ,36,32,2000
elmo,full,0.9309999999999998,/dictionary/sense/en_us_NOAD3e_2012/m_en_us1249427.008,/dictionary/sense/en_us_NOAD3e_2012/m_en_us1249427.001,ADJ,ADJ,111,55,2000
elmo,block,1.0,/dictionary/sense/en_us_NOAD3e_2012/m_en_us1227187.001,/dictionary/sense/en_us_NOAD3e_2012/m_en_us1227187.026,NOUN,VERB,31,26,2000
elmo,reach,0.7584,/dictionary/sense/en_us_NOAD3e_2012/m_en_us1283234.007,/dictionary/sense/en_us_NOAD3e_2012/m_en_us1283234.001,VERB,VERB,274,44,2000
elmo,report,0.9632,/dictionary/sense/en_us_NOAD3e_2012/m_en_us1284331.001,/dictionary/sense/en_us_NOAD3e_2012/m_en_us1284331.008,VERB,NOUN,206,163,2000
elmo,subject,0.9426,/dictionary/sense/en_us_NOAD3e_2012/m_en_us1295267.001,/dictionary/sense/en_us_NOAD3e_2012/m_en_us1295267.016,NOUN,VERB,334,21,2000
elmo,press,0.9308,/dictionary/sense/en_us_NOAD3e_2012/m_en_us1280512.025,/dictionary/sense/en_us_NOAD3e_2012/m_en_us1280512.001,NOUN,VERB,37,36,2000
elmo,pay,0.8193999999999999,/dictionary/sense/en_us_NOAD3e_2012/m_en_us1276209.001,/dictionary/sense/en_us_NOAD3e_2012/m_en_us1276209.008,VERB,VERB,282,39,2000
elmo,background,0.7121999999999999,/dictionary/sense/en_us_NOAD3e_2012/m_en_us1224298.005,/dictionary/sense/en_us_NOAD3e_2012/m_en_us1224298.001,NOUN,NOUN,39,27,2000
elmo,grant,0.922,/dictionary/sense/en_us_NOAD3e_2012/m_en_us1251908.001,/dictionary/sense/en_us_NOAD3e_2012/m_en_us1251908.004,VERB,NOUN,61,38,2000
elmo,ride,0.9284000000000001,/dictionary/sense/en_us_NOAD3e_2012/m_en_us1285067.001,/dictionary/sense/en_us_NOAD3e_2012/m_en_us1285067.020,VERB,NOUN,104,21,2000
elmo,show,0.6888,/dictionary/sense/en_us_NOAD3e_2012/m_en_us1290298.015,/dictionary/sense/en_us_NOAD3e_2012/m_en_us1290298.001,VERB,VERB,224,192,2000
elmo,enjoy,0.706,/dictionary/sense/en_us_NOAD3e_2012/m_en_us1244212.001,/dictionary/sense/en_us_NOAD3e_2012/m_en_us1244212.004,VERB,VERB,116,32,2000
elmo,rule,0.974,/dictionary/sense/en_us_NOAD3e_2012/m_en_us1286231.001,/dictionary/sense/en_us_NOAD3e_2012/m_en_us1286231.010,NOUN,VERB,168,48,2000
elmo,hit,0.9585000000000001,/dictionary/sense/en_us_NOAD3e_2012/m_en_us1255154.001,/dictionary/sense/en_us_NOAD3e_2012/m_en_us1255154.021,VERB,VERB,47,37,2000
elmo,section,0.9067999999999999,/dictionary/sense/en_us_NOAD3e_2012/m_en_us1288470.001,/dictionary/sense/en_us_NOAD3e_2012/m_en_us1288470.011,NOUN,NOUN,145,38,2000
elmo,apply,0.7937000000000001,/dictionary/sense/en_us_NOAD3e_2012/m_en_us1222532.003,/dictionary/sense/en_us_NOAD3e_2012/m_en_us1222532.007,VERB,VERB,59,50,2000
elmo,release,0.9219999999999999,/dictionary/sense/en_us_NOAD3e_2012/m_en_us1284085.005,/dictionary/sense/en_us_NOAD3e_2012/m_en_us1284085.003,VERB,VERB,25,23,2000
elmo,stem,0.9833000000000001,/dictionary/sense/en_us_NOAD3e_2012/m_en_us1294191.008,/dictionary/sense/en_us_NOAD3e_2012/m_en_us1294191.012,NOUN,VERB,29,28,2000
elmo,time,0.6668999999999998,/dictionary/sense/en_us_NOAD3e_2012/m_en_us1298880.023,/dictionary/sense/en_us_NOAD3e_2012/m_en_us1298880.005,NOUN,NOUN,411,355,2000
elmo,other,0.5852999999999999,/dictionary/sense/en_us_NOAD3e_2012/m_en_us1274198.001,/dictionary/sense/en_us_NOAD3e_2012/m_en_us1274198.004,ADJ,ADJ,759,165,2000
elmo,turn,0.7292,/dictionary/sense/en_us_NOAD3e_2012/m_en_us1301051.001,/dictionary/sense/en_us_NOAD3e_2012/m_en_us1301051.015,VERB,VERB,224,100,2000
elmo,front,0.8699,/dictionary/sense/en_us_NOAD3e_2012/m_en_us1249223.001,/dictionary/sense/en_us_NOAD3e_2012/m_en_us1249223.019,NOUN,ADJ,58,38,2000
elmo,art,0.721,/dictionary/sense/en_us_NOAD3e_2012/m_en_us1223070.001,/dictionary/sense/en_us_NOAD3e_2012/m_en_us1223070.004,NOUN,NOUN,31,30,2000
elmo,fly,0.6692000000000001,/dictionary/sense/en_us_NOAD3e_2012/m_en_us1248010.001,/dictionary/sense/en_us_NOAD3e_2012/m_en_us1248010.007,VERB,VERB,64,31,2000
elmo,bother,0.9852000000000001,/dictionary/sense/en_us_NOAD3e_2012/m_en_us1228080.002,/dictionary/sense/en_us_NOAD3e_2012/m_en_us1228080.001,VERB,VERB,32,24,2000
elmo,generally,0.57,/dictionary/sense/en_us_NOAD3e_2012/m_en_us1250428.001,/dictionary/sense/en_us_NOAD3e_2012/m_en_us1250428.003,ADV,ADV,36,24,2000
elmo,benefit,0.8922000000000001,/dictionary/sense/en_us_NOAD3e_2012/m_en_us1225926.001,/dictionary/sense/en_us_NOAD3e_2012/m_en_us1225926.002,NOUN,NOUN,67,37,2000
elmo,next,0.8738000000000001,/dictionary/sense/en_us_NOAD3e_2012/m_en_us1271334.001,/dictionary/sense/en_us_NOAD3e_2012/m_en_us1271334.004,ADJ,ADJ,105,87,2000
elmo,hard,0.7592000000000001,/dictionary/sense/en_us_NOAD3e_2012/m_en_us1253534.009,/dictionary/sense/en_us_NOAD3e_2012/m_en_us1253534.024,ADJ,ADV,103,51,2000
elmo,dry,0.9039000000000001,/dictionary/sense/en_us_NOAD3e_2012/m_en_us1242243.001,/dictionary/sense/en_us_NOAD3e_2012/m_en_us1242243.018,ADJ,VERB,30,27,2000
elmo,raise,0.9037,/dictionary/sense/en_us_NOAD3e_2012/m_en_us1282868.001,/dictionary/sense/en_us_NOAD3e_2012/m_en_us1282868.008,VERB,VERB,52,50,2000
elmo,honor,0.9806000000000001,/dictionary/sense/en_us_NOAD3e_2012/m_en_us1255616.004,/dictionary/sense/en_us_NOAD3e_2012/m_en_us1255616.015,NOUN,VERB,43,30,2000
elmo,settle,0.782,/dictionary/sense/en_us_NOAD3e_2012/m_en_us1289399.001,/dictionary/sense/en_us_NOAD3e_2012/m_en_us1289399.015,VERB,VERB,33,21,2000
elmo,imagine,0.6987,/dictionary/sense/en_us_NOAD3e_2012/m_en_us1257152.001,/dictionary/sense/en_us_NOAD3e_2012/m_en_us1257152.003,VERB,VERB,66,31,2000
elmo,second,0.9259999999999999,/dictionary/sense/en_us_NOAD3e_2012/m_en_us1288373.001,/dictionary/sense/en_us_NOAD3e_2012/m_en_us1288374.001,ADJ,NOUN,125,66,2000
elmo,field,0.8712,/dictionary/sense/en_us_NOAD3e_2012/m_en_us1246904.010,/dictionary/sense/en_us_NOAD3e_2012/m_en_us1246904.001,NOUN,NOUN,52,48,2000
elmo,keep,0.556,/dictionary/sense/en_us_NOAD3e_2012/m_en_us1260682.006,/dictionary/sense/en_us_NOAD3e_2012/m_en_us1260682.001,VERB,VERB,370,62,2000
elmo,like,0.8019000000000001,/dictionary/sense/en_us_NOAD3e_2012/m_en_us1263474.002,/dictionary/sense/en_us_NOAD3e_2012/m_en_us1263474.001,VERB,VERB,157,121,2000
elmo,beat,0.8057000000000001,/dictionary/sense/en_us_NOAD3e_2012/m_en_us1225482.011,/dictionary/sense/en_us_NOAD3e_2012/m_en_us1225482.001,VERB,VERB,24,23,2000
elmo,start,0.5833,/dictionary/sense/en_us_NOAD3e_2012/m_en_us1293930.001,/dictionary/sense/en_us_NOAD3e_2012/m_en_us1293930.009,VERB,VERB,286,45,2000
elmo,care,0.9879,/dictionary/sense/en_us_NOAD3e_2012/m_en_us1230840.005,/dictionary/sense/en_us_NOAD3e_2012/m_en_us1230840.001,VERB,NOUN,130,87,2000
elmo,same,0.5465000000000001,/dictionary/sense/en_us_NOAD3e_2012/m_en_us1286917.001,/dictionary/sense/en_us_NOAD3e_2012/m_en_us1286917.003,ADJ,ADJ,424,37,2000
elmo,fire,0.8737,/dictionary/sense/en_us_NOAD3e_2012/m_en_us1247191.001,/dictionary/sense/en_us_NOAD3e_2012/m_en_us1247191.010,NOUN,VERB,76,48,2000
elmo,phase,0.8621000000000001,/dictionary/sense/en_us_NOAD3e_2012/m_en_us1277436.001,/dictionary/sense/en_us_NOAD3e_2012/m_en_us1277436.007,NOUN,NOUN,33,21,2000
elmo,activity,0.9136,/dictionary/sense/en_us_NOAD3e_2012/m_en_us1219809.003,/dictionary/sense/en_us_NOAD3e_2012/m_en_us1219809.006,NOUN,NOUN,97,43,2000
elmo,tell,0.8993,/dictionary/sense/en_us_NOAD3e_2012/m_en_us1297608.001,/dictionary/sense/en_us_NOAD3e_2012/m_en_us1297608.007,VERB,VERB,870,45,2000
elmo,land,0.958,/dictionary/sense/en_us_NOAD3e_2012/m_en_us1262067.001,/dictionary/sense/en_us_NOAD3e_2012/m_en_us1262067.014,NOUN,VERB,116,50,2000
